pmid,pmcid,doi,title,journal,year,month,authors,abstract,pubmed_url,doi_url,journal_tier_score_proxy,recency_score,topic_relevance_score,selection_score
40311619,PMC12255531,10.1016/j.cell.2025.04.013,tRNA modifications tune m6A-dependent mRNA decay.,Cell,2025,Jul,Bastian Linder; Puneet Sharma; Jie Wu; Tosca Birbaumer; Cristian Eggers; Shino Murakami; Roman E Ott; Kai Fenzl,"Chemically modified nucleotides in mRNA are critical regulators of gene expression, primarily through interactions with reader proteins that bind to these modifications. Here, we present a mechanism by which the epitranscriptomic mark N6-methyladenosine (m6A) is read by tRNAs during translation. Codons that are modified with m6A are decoded inefficiently by the ribosome, rendering them ""non-optimal"" and inducing ribosome collisions on cellular transcripts. This couples mRNA translation to decay. 5-Methoxycarbonylmethyl-2-thiouridine (mcm5s2U) in the tRNA anticodon loop counteracts this effect. This unanticipated link between the mRNA and tRNA epitranscriptomes enables the coordinated decay of mRNA regulons, including those encoding oncogenic signaling pathways. In cancer, dysregulation of the m6A and mcm5s2U biogenesis pathways-marked by a shift toward more mcm5s2U-is associated with more aggressive tumors and poor prognosis. Overall, this pan-epitranscriptomic interaction represents a novel mechanism of post-transcriptional gene regulation with implications for human health.",https://pubmed.ncbi.nlm.nih.gov/40311619/,https://doi.org/10.1016/j.cell.2025.04.013,62,2025,6,2675
38653238,,10.1016/j.cell.2024.04.002,"Alanyl-tRNA synthetase, AARS1, is a lactate sensor and lactyltransferase that lactylates p53 and contributes to tumorigenesis.",Cell,2024,May,Zhi Zong; Feng Xie; Shuai Wang; Xiaojin Wu; Zhenyu Zhang; Bing Yang; Fangfang Zhou,"Lysine lactylation is a post-translational modification that links cellular metabolism to protein function. Here, we find that AARS1 functions as a lactate sensor that mediates global lysine lacylation in tumor cells. AARS1 binds to lactate and catalyzes the formation of lactate-AMP, followed by transfer of lactate to the lysince acceptor residue. Proteomics studies reveal a large number of AARS1 targets, including p53 where lysine 120 and lysine 139 in the DNA binding domain are lactylated. Generation and utilization of p53 variants carrying constitutively lactylated lysine residues revealed that AARS1 lactylation of p53 hinders its liquid-liquid phase separation, DNA binding, and transcriptional activation. AARS1 expression and p53 lacylation correlate with poor prognosis among cancer patients carrying wild type p53. β-alanine disrupts lactate binding to AARS1, reduces p53 lacylation, and mitigates tumorigenesis in animal models. We propose that AARS1 contributes to tumorigenesis by coupling tumor cell metabolism to proteome alteration.",https://pubmed.ncbi.nlm.nih.gov/38653238/,https://doi.org/10.1016/j.cell.2024.04.002,62,2024,5,2669
41398161,PMC12706008,10.1038/s41467-025-67387-z,A cholesterol-responsive hepatic tRNA-derived small RNA regulates cholesterol homeostasis and atherosclerosis development.,Nature communications,2025,Dec,Xiuchun Li; Rebecca Hernandez; Xudong Zhang; Sijie Tang; Xiaohong Yuan; Jing Wu; Kathy Pham; Hukam C Rawal,"Transfer RNA-derived small RNAs (tsRNAs) have emerged as crucial players in diverse biological processes. Yet, their involvement in lipid metabolism and cardiovascular disease remains elusive. Using an advanced PANDORA-seq method, we identify tsRNA-Glu-CTC as the most abundant tsRNA in mouse liver. Intriguingly, tsRNA-Glu-CTC is cholesterol responsive. Overexpression of tsRNA-Glu-CTC elicits hypercholesterolemia and hepatic steatosis, whereas its knockdown protects against diet-induced hypercholesterolemia and atherosclerosis in mice. Mechanistically, tsRNA-Glu-CTC regulates key hepatic lipogenic genes including Srebp2, a master regulator of lipid metabolism. tsRNA-Glu-CTC interacts with SREBP2 to regulate its own transcription through an E-box motif. We further identify site-specific RNA modifications of endogenous tsRNA-Glu-CTC by a mass spectrometry-based MLC-seq and demonstrate the modified tsRNA-Glu-CTC as a more potent regulator of cholesterol homeostasis compared to its unmodified synthetic counterpart. Collectively, our study reveals an important role of a liver-enriched tsRNA in lipid metabolism and cardiovascular health, opening new therapeutic avenues for cardiometabolic disease.",https://pubmed.ncbi.nlm.nih.gov/41398161/,https://doi.org/10.1038/s41467-025-67387-z,17,2025,8,2235
38181765,,10.1016/j.molcel.2023.11.041,Transfer RNA modifications and cellular thermotolerance.,Molecular cell,2024,Jan,Takayuki Ohira; Tsutomu Suzuki,"RNA molecules are modified post-transcriptionally to acquire their diverse functions. Transfer RNA (tRNA) has the widest variety and largest numbers of RNA modifications. tRNA modifications are pivotal for decoding the genetic code and stabilizing the tertiary structure of tRNA molecules. Alternation of tRNA modifications directly modulates the structure and function of tRNAs and regulates gene expression. Notably, thermophilic organisms exhibit characteristic tRNA modifications that are dynamically regulated in response to varying growth temperatures, thereby bolstering fitness in extreme environments. Here, we review the history and latest findings regarding the functions and biogenesis of several tRNA modifications that contribute to the cellular thermotolerance of thermophiles.",https://pubmed.ncbi.nlm.nih.gov/38181765/,https://doi.org/10.1016/j.molcel.2023.11.041,18,2024,6,2234
41344331,PMC12709618,10.1016/j.molcel.2025.11.010,NAT10 promotes cancer metastasis by modulating p300/CBP activity through chromatin-associated tRNA.,Molecular cell,2025,Dec,Ruhul Amin; Ngoc-Han Ha; Tinghu Qiu; Ronald Holewinski; Khiem C Lam; Amélie Daugherty-Lopès; Huaitian Liu; Andy D Tran,"Protein and RNA acetylation are crucial for development and cancer progression. NAT10 is the only known acetyltransferase responsible for N4-acetylcytidine (ac4C) modification of RNA. However, the mechanism by which NAT10 contributes to cancer progression remains unclear. Here, we show that NAT10 interacts with a mechanosensitive, metastasis-susceptibility protein complex at the nuclear pore. Loss of NAT10's acetylation activity significantly reduces lung metastasis in both allograft and genetically engineered mouse models of breast cancer. Unexpectedly, upon NAT10 knockout, loss of ac4C modification in chromatin-associated tRNAs disrupts p300/CBP function, resulting in genome-wide chromatin reorganization and altered expression of genes that recruit metastasis-promoting myeloid cells to the tumor microenvironment. These findings highlight a role for NAT10 in regulating enhancer activity in metastatic tumor cells and reveal its impact on tumor-immune interactions that contribute to metastatic progression.",https://pubmed.ncbi.nlm.nih.gov/41344331/,https://doi.org/10.1016/j.molcel.2025.11.010,18,2025,5,2230
40908366,PMC12618233,10.1038/s41594-025-01653-y,tRNA as an assembly chaperone for a macromolecular transcription-processing complex.,Nature structural & molecular biology,2025,Nov,Julia Bartuli; Stefan Jungwirth; Manisha Dixit; Takumi Okuda; Johannes Patrick Zimmermann; Matthias Erlacher; Tao Pan; Asisa Volz,"Transfer RNAs (tRNAs) are widely recognized for their role in translation. Here, we describe a previously unidentified function of tRNA as an assembly chaperone. During poxviral infection, tRNAGln/Arg lacking the anticodon mcm5s2U34 modification is specifically sequestered from the cellular tRNA pool to promote formation of a multisubunit poxviral RNA polymerase complex (vRNAP). Cryo-electron microscopy analysis of assembly intermediates illustrates how tRNAGln/Arg orchestrates the recruitment of transcription and mRNA processing factors to vRNAP where it controls the transition to the preinitiation complex. This is achieved by an induced fit mechanism that internalizes anticodon base G36 into the anticodon stem, creating a noncanonical tRNA structure and selecting a defined tRNA modification pattern. The role of tRNA as an assembly chaperone extends to the pathogenic Mpox virus, which features a similar vRNAP.",https://pubmed.ncbi.nlm.nih.gov/40908366/,https://doi.org/10.1038/s41594-025-01653-y,18,2025,5,2230
39096899,PMC11455606,10.1016/j.molcel.2024.07.008,A ligation-independent sequencing method reveals tRNA-derived RNAs with blocked 3' termini.,Molecular cell,2024,Oct,Alessandro Scacchetti; Emily J Shields; Natalie A Trigg; Grace S Lee; Jeremy E Wilusz; Colin C Conine; Roberto Bonasio,"Despite the numerous sequencing methods available, the diversity in RNA size and chemical modification makes it difficult to capture all RNAs in a cell. We developed a method that combines quasi-random priming with template switching to construct sequencing libraries from RNA molecules of any length and with any type of 3' modifications, allowing for the sequencing of virtually all RNA species. Our ligation-independent detection of all types of RNA (LIDAR) is a simple, effective tool to identify and quantify all classes of coding and non-coding RNAs. With LIDAR, we comprehensively characterized the transcriptomes of mouse embryonic stem cells, neural progenitor cells, mouse tissues, and sperm. LIDAR detected a much larger variety of tRNA-derived RNAs (tDRs) compared with traditional ligation-dependent sequencing methods and uncovered tDRs with blocked 3' ends that had previously escaped detection. Therefore, LIDAR can capture all RNAs in a sample and uncover RNA species with potential regulatory functions.",https://pubmed.ncbi.nlm.nih.gov/39096899/,https://doi.org/10.1016/j.molcel.2024.07.008,18,2024,5,2229
38918637,PMC11479938,10.1038/s41594-024-01341-3,Structural basis of tRNA recognition by the m3C RNA methyltransferase METTL6 in complex with SerRS seryl-tRNA synthetase.,Nature structural & molecular biology,2024,Oct,Philipp Throll; Luciano G Dolce; Palma Rico-Lastres; Katharina Arnold; Laura Tengo; Shibom Basu; Stefanie Kaiser; Robert Schneider,"Methylation of cytosine 32 in the anticodon loop of tRNAs to 3-methylcytosine (m3C) is crucial for cellular translation fidelity. Misregulation of the RNA methyltransferases setting this modification can cause aggressive cancers and metabolic disturbances. Here, we report the cryo-electron microscopy structure of the human m3C tRNA methyltransferase METTL6 in complex with seryl-tRNA synthetase (SerRS) and their common substrate tRNASer. Through the complex structure, we identify the tRNA-binding domain of METTL6. We show that SerRS acts as the tRNASer substrate selection factor for METTL6. We demonstrate that SerRS augments the methylation activity of METTL6 and that direct contacts between METTL6 and SerRS are necessary for efficient tRNASer methylation. Finally, on the basis of the structure of METTL6 in complex with SerRS and tRNASer, we postulate a universal tRNA-binding mode for m3C RNA methyltransferases, including METTL2 and METTL8, suggesting that these mammalian paralogs use similar ways to engage their respective tRNA substrates and cofactors.",https://pubmed.ncbi.nlm.nih.gov/38918637/,https://doi.org/10.1038/s41594-024-01341-3,18,2024,5,2229
38538914,PMC11537720,10.1038/s41594-024-01236-3,Structures of the ribosome bound to EF-Tu-isoleucine tRNA elucidate the mechanism of AUG avoidance.,Nature structural & molecular biology,2024,May,Mariia Yu Rybak; Matthieu G Gagnon,"The frequency of errors upon decoding of messenger RNA by the bacterial ribosome is low, with one misreading event per 1 × 104 codons. In the universal genetic code, the AUN codon box specifies two amino acids, isoleucine and methionine. In bacteria and archaea, decoding specificity of the AUA and AUG codons relies on the wobble avoidance strategy that requires modification of C34 in the anticodon loop of isoleucine transfer RNAIleCAU (tRNAIleCAU). Bacterial tRNAIleCAU with 2-lysylcytidine (lysidine) at the wobble position deciphers AUA while avoiding AUG. Here we report cryo-electron microscopy structures of the Escherichia coli 70S ribosome complexed with elongation factor thermo unstable (EF-Tu) and isoleucine-tRNAIleLAU in the process of decoding AUA and AUG. Lysidine in tRNAIleLAU excludes AUG by promoting the formation of an unusual Hoogsteen purine-pyrimidine nucleobase geometry at the third position of the codon, weakening the interactions with the mRNA and destabilizing the EF-Tu ternary complex. Our findings elucidate the molecular mechanism by which tRNAIleLAU specifically decodes AUA over AUG.",https://pubmed.ncbi.nlm.nih.gov/38538914/,https://doi.org/10.1038/s41594-024-01236-3,18,2024,5,2229
37802077,PMC10841463,10.1016/j.molcel.2023.09.016,tRNA renovatio: Rebirth through fragmentation.,Molecular cell,2023,Nov,Bernhard Kuhle; Qi Chen; Paul Schimmel,"tRNA function is based on unique structures that enable mRNA decoding using anticodon trinucleotides. These structures interact with specific aminoacyl-tRNA synthetases and ribosomes using 3D shape and sequence signatures. Beyond translation, tRNAs serve as versatile signaling molecules interacting with other RNAs and proteins. Through evolutionary processes, tRNA fragmentation emerges as not merely random degradation but an act of recreation, generating specific shorter molecules called tRNA-derived small RNAs (tsRNAs). These tsRNAs exploit their linear sequences and newly arranged 3D structures for unexpected biological functions, epitomizing the tRNA ""renovatio"" (from Latin, meaning renewal, renovation, and rebirth). Emerging methods to uncover full tRNA/tsRNA sequences and modifications, combined with techniques to study RNA structures and to integrate AI-powered predictions, will enable comprehensive investigations of tRNA fragmentation products and new interaction potentials in relation to their biological functions. We anticipate that these directions will herald a new era for understanding biological complexity and advancing pharmaceutical engineering.",https://pubmed.ncbi.nlm.nih.gov/37802077/,https://doi.org/10.1016/j.molcel.2023.09.016,18,2023,5,2228
41807381,PMC12976133,10.1038/s41467-026-70126-7,Translational regulation by oxidative desulfuration of tRNA modifications.,Nature communications,2026,Mar,Yufeng Mo; Kensuke Ishiguro; Kenjyo Miyauchi; Yuriko Sakaguchi; Yosei Hanzawa; Naho Akiyama; Ayaka Murayama; Kodai Machida,"Modifications in the anticodon region of transfer RNA (tRNA) are essential for accurate and efficient protein synthesis. 5-Methyl-2-thiouridine derivatives (xm5s2U) are major modifications at the wobble position of tRNA anticodons decoding purine-ending two-codon sets. Although the thiocarbonyl group of xm5s2U enhances decoding efficiency, it is chemically susceptible to oxidative desulfuration, yielding 4-pyrimidinone derivatives (xm5h2U). Here, we identify xm5h2U derivatives in human cells and mouse tissues and confirm their cellular formation by spike-in experiments. Desulfurized tRNAs carrying 5-methoxycarbonylmethyl-4-pyrimidinone (mcm5h2U) show impaired codon recognition in a human reconstituted in vitro translation system. The mcm5h2U modification reduces aminoacylation of tRNAs for lysine, glutamate, and glutamine, but not arginine. Cryogenic electron microscopy reveals the structural basis of altered AAA/AAG decoding by mcm5h2U at the ribosomal A-site. These findings reveal a mechanism by which oxidative desulfuration of tRNA modifications dynamically regulates codon recognition and protein synthesis under oxidative stress conditions in human and mammalian cells.",https://pubmed.ncbi.nlm.nih.gov/41807381/,https://doi.org/10.1038/s41467-026-70126-7,17,2026,6,2226
41611679,PMC12957315,10.1038/s41467-026-68813-6,ALKB-1-dependent tRNA methylation is required for efficient paternal mitochondrial elimination.,Nature communications,2026,Jan,Zhenhuan Luo; Yimin Li; Chenyang He; Dan Wu; Wenyu Dai; Liubing Hu; Jing Yang; Brian L Harry,"Maternal mitochondrial inheritance is secured by mechanisms that exclude paternal mitochondrial DNA (mtDNA). While, epigenetic modifications are vital for spermatogenesis and embryo development, their roles in the paternal mitochondrial elimination (PME) remain poorly understood. Here, we identify ALKB-1, a DNA/RNA demethylase, as a pivotal factor for efficient PME in Caenorhabditis elegans (C. elegans), acting through ALKB-1-dependent modulation of tRNA m1A methylation. Mechanistically, ALKB-1 inactivation leads to m1A hypermethylation of tRNA, which subsequently disrupts protein translation, impairs mitochondrial proteostasis, and increases ROS levels. This cascade activates the oxidative stress response factor SKN-1/Nrf2 and initiates the mitochondrial unfolded protein response (UPRmt) through ATFS-1, causing accumulation of mitochondria and mtDNA in sperm, which ultimately impedes efficient paternal mitochondrial removal and negatively impacts male fertility and embryonic development. Our findings describe a mechanism whereby ALKB-1-mediated tRNA m1A epitranscriptomic modifications are necessary for maintaining mitochondrial quality control, thereby influencing PME efficiency, underscoring the importance of this epitranscriptomic stress checkpoint in upholding proper mitochondrial inheritance during reproduction.",https://pubmed.ncbi.nlm.nih.gov/41611679/,https://doi.org/10.1038/s41467-026-68813-6,17,2026,6,2226
38996458,PMC11258540,10.1016/j.molcel.2024.06.013,The molecular basis of tRNA selectivity by human pseudouridine synthase 3.,Molecular cell,2024,Jul,Ting-Yu Lin; Leon Kleemann; Jakub Jeżowski; Dominika Dobosz; Michał Rawski; Paulina Indyka; Grzegorz Ważny; Rahul Mehta,"Pseudouridine (Ψ), the isomer of uridine, is ubiquitously found in RNA, including tRNA, rRNA, and mRNA. Human pseudouridine synthase 3 (PUS3) catalyzes pseudouridylation of position 38/39 in tRNAs. However, the molecular mechanisms by which it recognizes its RNA targets and achieves site specificity remain elusive. Here, we determine single-particle cryo-EM structures of PUS3 in its apo form and bound to three tRNAs, showing how the symmetric PUS3 homodimer recognizes tRNAs and positions the target uridine next to its active site. Structure-guided and patient-derived mutations validate our structural findings in complementary biochemical assays. Furthermore, we deleted PUS1 and PUS3 in HEK293 cells and mapped transcriptome-wide Ψ sites by Pseudo-seq. Although PUS1-dependent sites were detectable in tRNA and mRNA, we found no evidence that human PUS3 modifies mRNAs. Our work provides the molecular basis for PUS3-mediated tRNA modification in humans and explains how its tRNA modification activity is linked to intellectual disabilities.",https://pubmed.ncbi.nlm.nih.gov/38996458/,https://doi.org/10.1016/j.molcel.2024.06.013,18,2024,4,2224
38977661,PMC11231295,10.1038/s41467-024-49796-8,Perturbation of METTL1-mediated tRNA N7- methylguanosine modification induces senescence and aging.,Nature communications,2024,Jul,Yudong Fu; Fan Jiang; Xiao Zhang; Yingyi Pan; Rui Xu; Xiu Liang; Xiaofen Wu; Xingqiang Li,"Cellular senescence is characterized by a decrease in protein synthesis, although the underlying processes are mostly unclear. Chemical modifications to transfer RNAs (tRNAs) frequently influence tRNA activity, which is crucial for translation. We describe how tRNA N7-methylguanosine (m7G46) methylation, catalyzed by METTL1-WDR4, regulates translation and influences senescence phenotypes. Mettl1/Wdr4 and m7G gradually diminish with senescence and aging. A decrease in METTL1 causes a reduction in tRNAs, especially those with the m7G modification, via the rapid tRNA degradation (RTD) pathway. The decreases cause ribosomes to stall at certain codons, impeding the translation of mRNA that is essential in pathways such as Wnt signaling and ribosome biogenesis. Furthermore, chronic ribosome stalling stimulates the ribotoxic and integrative stress responses, which induce senescence-associated secretory phenotype. Moreover, restoring eEF1A protein mitigates senescence phenotypes caused by METTL1 deficiency by reducing RTD. Our findings demonstrate that tRNA m7G modification is essential for preventing premature senescence and aging by enabling efficient mRNA translation.",https://pubmed.ncbi.nlm.nih.gov/38977661/,https://doi.org/10.1038/s41467-024-49796-8,17,2024,6,2224
41714626,PMC13031925,10.1038/s41467-026-69700-w,Coronaviruses reprogram the tRNA epitranscriptome to favor viral protein expression.,Nature communications,2026,Feb,Elena Muscolino; Mireia Puig-Torrents; Jaime Buigues Bisquert; Diogo Correa Mendonca; Marc Talló-Parra; Gemma Perez-Vilaro; Omar Caño-Prades; Gavin R Meehan,"Coronaviruses genomes are enriched in suboptimal A- and U-ending codons, which are typically associated with reduced translation efficiency due to limited cognate tRNA availability. How coronavirus efficiently express their proteins despite this limitation remains unclear. By analyzing their codon usage, we identify four tRNA modifications-inosine (I), queuosine (Q), 5-methylcarboxymethyluridine/ 5-methylcarboxymethyl-2-thiouridine (mcm5U/mcm5s2U), and 5-methylcytidine/ 5-formylcytidine (m5C/f5C)-as essential for decoding their suboptimal codons. Notably, SARS-CoV-2 and HCoV-OC43 infections, representing severe and mild human infections, respectively, reprogram these modifications to favor viral protein synthesis. Mechanistically, this reprogramming was driven by altered expression of the corresponding tRNA modifying enzymes. Since both viruses induced DNA damage and oxidative stress-known to similarly alter Q, mcm5U/mcm5s2U, and m5C/f5C modifications to favor expression of stress response proteins-our findings support that coronavirus genomes have adapted to the tRNA modification landscape under stress conditions. Overall, coronaviruses orchestrate a codon-specific reprogramming of the host tRNA modification landscape, highlighting a conserved strategy that optimizes translation efficiency and represents a promising target for pan-coronavirus antiviral therapy development.",https://pubmed.ncbi.nlm.nih.gov/41714626/,https://doi.org/10.1038/s41467-026-69700-w,17,2026,5,2221
